name,organiser,type,starts,ends,city,country,online,url,disciplines,notes
Engineering Design Show 2026,Engineering Design Show,Expo,2026-10-07,2026-10-08,Coventry,GB,no,https://www.engineeringdesignshow.co.uk/,mechanical;electrical;manufacturing;robotics,"Design engineering show at the Coventry Building Society Arena: exhibitors, talks and suppliers"
New Scientist Live 2026,New Scientist,Science festival,2026-10-10,2026-10-11,London,GB,no,https://live.newscientist.com/,,"Science festival at ExCeL London: talks and exhibits across every science (12 Oct is schools only)"
Advanced Engineering 2026,Advanced Engineering,Expo,2026-11-04,2026-11-05,Birmingham,GB,no,https://www.advancedengineeringuk.com/,mechanical;manufacturing;aerospace;automotive;materials;electrical;robotics,"The UK's big engineering and manufacturing supply-chain show, NEC Birmingham. Free registration"
Lab Innovations 2026,Lab Innovations,Expo,2026-11-04,2026-11-05,Birmingham,GB,no,https://www.lab-innovations.com/,life_sciences;chemical;biomedical,"Laboratory science and equipment show, NEC Birmingham (Hall 2)"
GreatUniHack 2026,UniCS (University of Manchester),Hackathon,2026-11-07,2026-11-07,Manchester,GB,no,https://greatunihack.com/,,"Free student hackathon open to students from any university, 18+. Food included"
Festival of Genomics & Biodata 2027,Festival of Genomics,Conference,2027-01-27,2027-01-28,London,GB,no,https://www.genomics.com/events/2027-festival-of-genomics-biodata-london,life_sciences;healthcare;biomedical,"Genomics and biodata conference and exhibition at ExCeL London"
Southern Manufacturing & Electronics 2027,Southern Manufacturing & Electronics,Expo,2027-02-02,2027-02-04,Farnborough,GB,no,https://www.industrysouth.co.uk/,manufacturing;electrical;mechanical;materials,"Manufacturing and electronics show at Farnborough International, open to professionals and apprentices"
Ocean Business 2027,Ocean Business,Expo,2027-04-06,2027-04-08,Southampton,GB,no,https://www.oceanbusiness.com/,environmental;electrical;mechanical,"Ocean science and technology show at the National Oceanography Centre. Has an Ocean Careers Programme"
Microbiology Society Annual Conference 2027,Microbiology Society,Conference,2027-04-12,2027-04-15,Birmingham,GB,no,https://microbiologysociety.org/event/annual-conference-2027.html,life_sciences;healthcare,"Four-day microbiology conference at the ICC Birmingham. Student rates usually available"
Futurebuild 2027,Futurebuild,Expo,2027-05-11,2027-05-13,London,GB,no,https://www.futurebuild.co.uk/,civil;environmental,"Sustainable construction and net-zero built environment show at ExCeL London"
All-Energy 2027,All-Energy,Expo,2027-05-12,2027-05-13,Glasgow,GB,no,https://www.all-energy.co.uk/,electrical;environmental;mechanical;chemical,"The UK's largest renewable and low-carbon energy exhibition and conference, SEC Glasgow"
Smart Manufacturing Week 2027,Smart Manufacturing Week,Expo,2027-06-09,2027-06-10,Birmingham,GB,no,https://www.smartmanufacturingweek.com/,manufacturing;robotics;mechanical;electrical,"Manufacturing technology show at the NEC Birmingham"
Global Offshore Wind 2027,RenewableUK,Conference,2027-06-16,2027-06-17,London,GB,no,https://www.renewableuk.com/events/global-offshore-wind-2027/,electrical;mechanical;environmental;civil,"Europe's largest offshore wind conference and exhibition, ExCeL London"
NHS ConfedExpo 2027,NHS Confederation,Conference,2027-06-16,2027-06-17,Manchester,GB,no,https://www.nhsconfedexpo.org/,healthcare,"The NHS's big annual conference and exhibition, Manchester Central"
Royal Society Summer Science Exhibition 2027,The Royal Society,Science festival,2027-06-29,2027-07-04,London,GB,no,https://royalsociety.org/science-events-and-lectures/summer-science-exhibition/,,"Free exhibition of cutting-edge UK research, with the researchers themselves, in London"
Med-Tech Innovation Expo 2027,Med-Tech Innovation Expo,Expo,2027-09-15,2027-09-16,Birmingham,GB,no,https://www.med-techexpo.com/,biomedical;mechanical;electrical;manufacturing,"Medical device design and manufacturing show, NEC Birmingham (Hall 3A)"
