company,kind,ref,tier,notes
Aavelabs,lever,aavelabs,standard,auto: 6 UK jobs of 12 when discovered
Abzena,lever,abzena,standard,auto: 12 UK jobs of 23 when discovered
Adaptovate,lever,adaptovate,standard,auto: 1 UK jobs of 8 when discovered
Boxlunch,lever,boxlunch,standard,auto: 78 UK jobs of 3695 when discovered
Cirrus,lever,cirrus,standard,auto: 36 UK jobs of 115 when discovered
Controlai,lever,controlai,standard,auto: 1 UK jobs of 3 when discovered
Coretechsecurity,lever,coretechsecurity,standard,auto: 17 UK jobs of 17 when discovered
Creatio,lever,creatio,standard,auto: 4 UK jobs of 90 when discovered
Efficioconsulting,lever,efficioconsulting,standard,auto: 9 UK jobs of 37 when discovered
Everseen,lever,everseen,standard,auto: 1 UK jobs of 37 when discovered
Expana,lever,Expana,standard,auto: 2 UK jobs of 4 when discovered
Frontier,lever,frontier,standard,auto: 8 UK jobs of 8 when discovered
Infinitygroup,lever,infinitygroup,standard,auto: 10 UK jobs of 10 when discovered
Insomniacookiesuk,lever,insomniacookiesuk,standard,auto: 1 UK jobs of 1 when discovered
Ivcevidensia,lever,ivcevidensia,standard,auto: 483 UK jobs of 503 when discovered
Jacquemus,lever,jacquemus,standard,auto: 7 UK jobs of 43 when discovered
Karllagerfeld,lever,karllagerfeld,standard,auto: 1 UK jobs of 50 when discovered
Kwalee,lever,kwalee,standard,auto: 7 UK jobs of 13 when discovered
Lionbridge,lever,lionbridge,standard,auto: 3 UK jobs of 56 when discovered
Lovehoneygroup,lever,lovehoneygroup,standard,auto: 15 UK jobs of 47 when discovered
Lunaphysicaltherapy,lever,lunaphysicaltherapy,standard,auto: 2 UK jobs of 94 when discovered
Lyrahealth,lever,lyrahealth,standard,auto: 8 UK jobs of 562 when discovered
Moonpay,lever,moonpay,standard,auto: 10 UK jobs of 31 when discovered
Numan,lever,numan,standard,auto: 7 UK jobs of 11 when discovered
Objectway,lever,objectway,standard,auto: 6 UK jobs of 30 when discovered
Oni,lever,oni,standard,auto: 4 UK jobs of 8 when discovered
Opencast,lever,opencast,standard,auto: 26 UK jobs of 26 when discovered
Peppy,lever,peppy,standard,auto: 1 UK jobs of 1 when discovered
Pnlfin,lever,pnlfin,standard,auto: 4 UK jobs of 78 when discovered
Prima,lever,prima,standard,auto: 25 UK jobs of 94 when discovered
Quantinuum,lever,quantinuum,standard,auto: 12 UK jobs of 126 when discovered
Silverfin,lever,silverfin,standard,auto: 2 UK jobs of 8 when discovered
Sophos,lever,sophos,standard,"probe: full-name board, 50+ jobs"
Stellar,lever,stellar,standard,auto: 8 UK jobs of 8 when discovered
Sunsrce,lever,sunsrce,standard,auto: 1 UK jobs of 282 when discovered
Supercharge,lever,supercharge,standard,auto: 1 UK jobs of 10 when discovered
Thirdfort,lever,thirdfort,standard,auto: 5 UK jobs of 5 when discovered
Veeva,lever,veeva,standard,auto: 76 UK jobs of 937 when discovered
